customer_id,age,income,credit_score,account_balance,num_products,has_credit_card,is_active_member,country,churn
1,56,125186,414,2239,4,0,1,Germany,0
2,69,54674,622,1710,1,1,1,Germany,0
3,46,55854,339,16384,1,0,0,Germany,0
4,32,66271,339,16038,1,0,1,Germany,0
5,60,93688,588,35846,3,0,1,Germany,1
6,25,58518,561,82983,2,0,1,Germany,1
7,38,131076,515,62821,3,0,0,Poland,0
8,56,30267,446,32991,4,0,0,Germany,1
9,36,110825,635,74057,1,1,1,Poland,1
10,40,21062,467,1971,2,1,0,Poland,0
11,28,136664,391,24139,4,1,1,Germany,0
12,28,70448,652,80445,4,0,1,Germany,1
13,41,115462,662,72067,4,1,0,Poland,0
14,53,26229,644,75257,3,0,1,Poland,1
15,57,76793,469,79742,1,0,1,Germany,0
16,41,134813,655,32711,4,0,0,Germany,0
17,20,67915,490,1530,1,0,1,Poland,0
18,39,24632,721,6116,3,1,1,Poland,0
19,19,124592,306,60794,4,0,1,Poland,1
20,41,23596,432,-4718,3,1,0,Ukraine,0
21,61,129779,330,74473,3,0,1,Poland,0
22,47,26168,834,-3102,1,1,0,Ukraine,1
23,55,128099,725,-865,4,1,1,Germany,0
24,19,27561,693,1629,3,1,1,Germany,0
25,38,93794,662,80120,4,1,1,Poland,1
26,50,102152,736,84087,1,1,1,Germany,1
27,29,145036,381,60031,3,1,0,Germany,0
28,39,144049,655,28380,1,0,0,Germany,0
29,61,46734,557,12071,4,1,1,Germany,0
30,42,26371,823,15074,4,0,1,Ukraine,0
31,66,138894,594,85724,1,1,1,Ukraine,0
32,44,46069,523,62843,2,0,1,Poland,0
33,59,99905,824,34901,3,1,1,Poland,0
34,45,32910,345,6205,4,1,1,Poland,0
35,33,93479,412,50661,4,0,1,Germany,0
36,32,97735,532,906,3,1,1,Germany,0
37,64,101264,316,-2409,1,1,0,Ukraine,1
38,68,43275,659,57987,1,1,0,Ukraine,1
39,61,92274,522,58370,1,0,0,Poland,0
40,69,101449,747,75685,2,1,1,Ukraine,0
41,20,120776,664,49400,2,0,1,Ukraine,0
42,54,80004,625,20150,4,1,1,Ukraine,0
43,68,82981,766,26852,1,1,0,Ukraine,0
44,24,104659,713,37870,3,0,1,Ukraine,0
45,38,74553,754,47756,4,1,0,Poland,0
46,26,68447,532,51481,3,1,1,Poland,1
47,56,54529,523,-3717,4,0,0,Ukraine,0
48,35,146394,711,28691,2,1,0,Poland,0
49,21,95703,634,-3875,4,0,0,Germany,1
50,42,96090,521,62065,2,0,1,Ukraine,0
51,31,37260,336,21170,4,0,0,Germany,0
52,67,132581,577,3438,1,1,1,Poland,0
53,26,23812,495,15095,3,0,1,Poland,0
54,43,48024,783,11154,1,0,1,Germany,1
55,19,78656,541,3004,4,1,1,Poland,0
56,37,136148,623,4752,4,0,1,Ukraine,0
57,45,47285,491,50426,4,1,0,Germany,0
58,64,112436,316,21819,2,1,1,Ukraine,0
59,24,136421,823,97168,3,1,1,Germany,1
60,61,21605,700,87051,3,1,1,Poland,1
61,25,91158,321,19217,4,0,1,Germany,0
62,64,92303,773,83708,4,0,1,Germany,0
63,52,47139,419,27994,2,0,0,Ukraine,0
64,31,97149,509,10036,1,0,0,Poland,1
65,34,76138,605,72275,1,0,1,Ukraine,0
66,53,138205,569,92756,3,1,0,Poland,0
67,67,96125,584,44416,2,0,0,Ukraine,0
68,57,33918,526,4587,4,0,1,Germany,0
69,21,105655,680,90665,3,0,0,Ukraine,0
70,19,47446,759,-4355,2,1,1,Poland,0
71,23,144040,306,25930,1,1,0,Poland,0
72,59,33046,328,76835,2,0,0,Germany,0
73,21,149922,332,25090,1,1,0,Poland,0
74,46,44818,378,82489,2,0,1,Ukraine,1
75,35,120894,758,47142,3,0,0,Germany,0
76,43,135751,837,21475,1,1,0,Poland,0
77,61,24324,781,13888,3,1,1,Poland,0
78,51,96323,729,38732,3,0,1,Ukraine,0
79,27,29111,584,76623,1,0,0,Ukraine,0
80,53,58110,815,41305,1,1,1,Germany,1
81,31,36389,398,41037,4,0,0,Poland,0
82,48,142177,696,4346,4,1,0,Ukraine,1
83,65,61427,788,-4413,4,0,1,Germany,0
84,32,99579,338,7763,3,1,1,Poland,0
85,25,48746,570,54165,3,0,1,Poland,0
86,31,142883,456,64615,4,0,0,Germany,0
87,40,107886,374,31116,3,1,1,Germany,1
88,57,127141,429,80751,3,0,0,Ukraine,1
89,38,20117,383,86353,1,0,1,Poland,1
90,33,145808,321,85301,1,1,0,Poland,1
91,62,132221,758,90648,3,0,1,Poland,1
92,35,104471,838,20556,4,0,0,Germany,0
93,64,132613,681,54042,2,0,1,Ukraine,0
94,41,33234,739,13099,4,1,0,Poland,0
95,43,149597,320,40096,2,1,1,Germany,0
96,42,123864,602,66986,4,1,1,Poland,1
97,62,73441,383,8230,1,0,0,Ukraine,0
98,58,20846,752,24009,3,0,1,Poland,0
99,46,30954,686,65969,3,0,0,Ukraine,0
100,32,99239,806,28866,1,0,0,Ukraine,0
101,62,133689,556,79246,2,1,1,Poland,0
102,18,66514,826,71975,2,0,0,Poland,0
103,42,108236,461,36855,2,0,1,Ukraine,0
104,24,117579,462,76557,1,0,1,Germany,0
105,26,148644,823,1416,2,1,0,Ukraine,0
106,41,26469,570,67516,1,0,1,Poland,0
107,18,50105,791,50915,4,0,0,Poland,0
108,61,62101,507,13058,4,0,0,Germany,0
109,25,84323,838,71637,1,0,1,Ukraine,0
110,41,111922,359,35718,3,0,1,Ukraine,0
111,28,78067,729,27602,4,1,0,Ukraine,0
112,68,69376,608,69658,2,0,0,Poland,0
113,34,65587,819,73112,1,0,1,Ukraine,0
114,25,56976,326,53067,2,0,1,Germany,0
115,52,124587,498,22516,2,0,1,Poland,0
116,52,147534,686,82969,3,0,1,Poland,1
117,50,87584,648,-3911,2,0,0,Ukraine,0
118,22,124537,835,32346,3,0,1,Germany,1
119,59,98477,677,69663,4,0,0,Poland,0
120,56,130911,826,5487,1,0,0,Poland,0
121,58,62533,452,-4845,2,0,1,Ukraine,0
122,45,21828,505,62494,1,1,0,Ukraine,0
123,24,21917,754,71229,2,1,1,Germany,0
124,26,40618,572,99648,1,1,0,Ukraine,0
125,25,52254,535,33547,2,1,1,Germany,0
126,29,125292,820,23795,2,0,0,Poland,0
127,51,136714,800,50296,2,1,0,Germany,0
128,50,67362,416,16447,2,1,1,Germany,0
129,65,40128,685,31598,2,0,1,Germany,0
130,40,143781,643,36814,2,1,0,Poland,0
131,41,131281,694,85751,2,1,0,Ukraine,1
132,54,79383,363,70330,2,0,1,Poland,1
133,52,85545,371,93745,2,0,0,Ukraine,1
134,61,102180,573,82960,1,0,1,Germany,0
135,57,107958,619,58278,3,1,0,Germany,1
136,39,29865,637,50077,2,1,1,Germany,1
137,44,22219,665,97932,3,0,0,Germany,0
138,52,59809,794,66906,2,0,1,Germany,0
139,18,136748,465,4528,2,1,1,Ukraine,1
140,52,25287,843,88812,1,0,0,Ukraine,0
141,54,146593,310,45100,4,1,1,Germany,0
142,64,54387,600,3179,4,0,0,Poland,0
143,31,28512,401,43781,1,0,1,Poland,0
144,20,21342,724,50267,3,1,1,Germany,1
145,18,83076,691,77379,4,0,1,Ukraine,0
146,22,128872,513,18952,1,0,0,Poland,0
147,43,39216,387,48798,1,0,1,Poland,0
148,31,137512,700,93696,4,1,0,Poland,0
149,56,136682,345,45939,3,0,1,Germany,0
150,44,113070,762,24516,1,0,0,Poland,0
151,26,99767,609,51526,2,0,0,Poland,1
152,32,117829,385,5449,3,0,0,Poland,0
153,32,46614,391,45290,3,0,1,Poland,0
154,43,56258,541,81661,4,0,0,Ukraine,0
155,59,113789,301,67954,4,1,1,Germany,0
156,30,62078,524,17746,2,1,0,Germany,1
157,68,126288,415,62990,1,0,0,Ukraine,1
158,49,103524,402,53810,4,1,0,Ukraine,1
159,56,116573,493,78297,4,1,0,Germany,0
160,66,32219,465,10223,3,0,1,Poland,0
161,69,20235,389,67237,4,1,0,Poland,0
162,49,62929,421,-2403,4,1,0,Germany,0
163,21,147309,442,60677,4,1,1,Poland,1
164,47,87444,405,-2341,4,1,0,Ukraine,1
165,54,28567,727,81516,3,1,0,Poland,1
166,40,121834,604,69567,2,1,0,Poland,1
167,56,90792,616,10037,2,1,0,Poland,1
168,62,85441,308,41738,1,1,1,Germany,0
169,32,104555,372,98965,4,0,1,Ukraine,0
170,60,93698,658,66678,3,0,0,Poland,0
171,46,144450,522,7109,1,1,1,Germany,0
172,53,137248,715,17010,1,1,1,Poland,0
173,30,25415,669,3787,2,0,0,Ukraine,0
174,49,56159,563,3472,3,1,1,Poland,1
175,24,63925,617,18383,3,1,0,Ukraine,0
176,68,146523,383,56709,3,0,1,Poland,1
177,39,25951,617,64785,2,0,1,Ukraine,1
178,45,107388,410,29518,2,0,1,Poland,0
179,19,28007,550,48909,2,1,0,Ukraine,0
180,59,146730,682,13351,2,1,1,Poland,0
181,62,61832,306,64624,2,0,0,Poland,1
182,23,78596,758,48330,4,0,0,Germany,1
183,45,141101,383,10282,4,1,1,Germany,1
184,45,50523,507,79866,3,0,0,Ukraine,0
185,61,108861,689,16778,1,1,1,Poland,0
186,61,144194,613,19264,3,1,0,Ukraine,0
187,37,106740,321,54675,1,0,0,Germany,1
188,47,35524,709,75,2,0,1,Ukraine,0
189,28,149028,814,70948,1,1,1,Ukraine,0
190,45,39282,426,43454,3,0,1,Germany,0
191,42,43930,313,23365,3,0,1,Poland,0
192,56,20077,311,67766,1,0,0,Ukraine,0
193,50,125881,386,43200,4,0,0,Germany,0
194,18,145501,823,6002,2,1,0,Poland,0
195,44,40611,836,8947,2,1,1,Germany,0
196,69,36984,600,74222,3,1,0,Ukraine,1
197,30,34060,542,89840,4,1,1,Poland,1
198,58,102985,421,73610,1,0,0,Poland,0
199,20,104056,446,47142,2,0,1,Germany,1
200,56,145329,655,51307,4,1,0,Germany,0
201,23,63303,608,-507,2,1,0,Germany,0
202,25,79207,587,45085,4,0,1,Poland,1
203,44,95046,606,29228,4,1,0,Poland,1
204,26,49287,848,74676,3,1,1,Ukraine,1
205,54,113709,651,46875,2,0,0,Poland,0
206,50,59711,611,26655,1,1,0,Ukraine,0
207,68,31954,358,38472,3,0,1,Germany,1
208,59,93340,334,44437,3,0,1,Germany,0
209,61,92101,744,44416,1,1,0,Poland,0
210,41,91520,392,54711,3,0,0,Germany,1
211,32,107062,506,1816,4,1,0,Germany,1
212,49,122974,652,72175,4,0,0,Poland,1
213,49,38574,631,59307,2,1,0,Ukraine,0
214,41,29184,458,41733,2,1,0,Poland,1
215,58,39096,323,90028,1,1,1,Ukraine,0
216,69,87728,703,6240,2,0,1,Poland,0
217,66,54016,815,93234,4,0,1,Poland,0
218,66,31246,663,87493,1,1,0,Germany,0
219,69,65558,681,93344,1,0,0,Poland,0
220,29,138721,831,66363,2,1,0,Poland,0
221,56,38381,451,27762,4,1,1,Ukraine,0
222,19,147796,719,3259,1,0,1,Germany,0
223,20,56455,549,45139,4,1,0,Ukraine,0
224,66,112263,416,9849,4,0,0,Ukraine,0
225,54,24018,811,76768,4,1,1,Germany,0
226,66,31302,634,84709,2,0,1,Germany,1
227,34,87506,717,49869,3,1,1,Germany,1
228,66,61157,594,58095,3,1,0,Poland,0
229,19,74917,670,65910,1,0,0,Germany,1
230,19,112738,485,81710,4,1,0,Germany,0
231,45,116646,545,18567,2,1,1,Germany,0
232,40,103122,567,30292,4,0,1,Ukraine,1
233,54,44519,536,69813,4,1,0,Ukraine,0
234,49,116809,829,92136,2,0,0,Poland,1
235,50,107487,320,46631,3,1,1,Ukraine,0
236,18,76819,819,4885,4,0,0,Poland,1
237,36,100910,399,54659,4,1,1,Ukraine,0
238,19,140430,777,49306,3,1,1,Germany,0
239,61,91324,597,61314,2,1,0,Ukraine,0
240,43,25408,825,60087,1,0,1,Poland,1
241,49,79379,633,24165,3,0,0,Ukraine,0
242,23,45053,301,53929,1,0,1,Germany,1
243,49,29446,674,62028,1,0,1,Poland,0
244,21,20922,592,90998,3,1,0,Germany,0
245,28,118723,617,44812,4,1,1,Germany,0
246,34,71356,801,45500,1,0,0,Poland,0
247,55,30789,680,74151,1,0,0,Germany,1
248,41,117720,313,53643,2,0,1,Germany,0
249,22,86656,803,39900,4,1,0,Ukraine,0
250,69,64028,530,37946,1,0,0,Germany,0
251,51,84484,383,2851,2,0,0,Germany,0
252,23,52154,429,11288,4,1,0,Germany,1
253,39,102870,444,67692,3,1,0,Germany,0
254,28,22336,327,62580,3,0,0,Poland,0
255,65,123677,365,2368,2,1,1,Ukraine,1
256,33,87779,462,80436,3,0,0,Germany,1
257,50,39029,528,91136,1,1,1,Germany,0
258,26,79201,560,41403,4,0,1,Poland,0
259,23,52265,748,86170,1,0,0,Germany,0
260,33,122916,723,4168,1,0,1,Poland,0
261,46,132250,759,81497,3,0,1,Ukraine,1
262,20,136553,600,44879,1,1,0,Ukraine,0
263,37,63872,602,54871,3,1,0,Germany,0
264,53,66197,586,84388,4,1,0,Germany,0
265,36,145733,694,93646,4,1,1,Germany,0
266,43,75180,309,27174,1,0,1,Poland,0
267,20,43710,569,94751,2,0,0,Germany,0
268,36,49486,660,87491,3,1,0,Germany,0
269,37,91907,556,1581,3,1,1,Ukraine,0
270,49,148876,432,66853,1,1,1,Germany,0
271,24,91895,575,59046,3,1,1,Ukraine,0
272,69,84435,812,44678,3,1,1,Germany,0
273,58,60631,612,21649,2,0,0,Ukraine,0
274,50,149038,583,83668,2,0,1,Germany,0
275,57,121532,420,77325,1,0,1,Ukraine,0
276,56,40103,406,9567,2,1,1,Poland,0
277,35,84772,503,75404,1,1,1,Ukraine,0
278,57,146108,464,84906,4,1,0,Ukraine,1
279,18,34382,604,91019,1,1,0,Ukraine,1
280,28,104291,796,56944,4,0,1,Germany,1
281,45,121195,455,73002,1,0,1,Germany,0
282,42,23756,666,23803,3,1,0,Germany,1
283,67,40609,550,13230,2,0,0,Poland,0
284,40,134074,633,12862,4,0,1,Poland,0
285,48,36478,810,38355,1,1,1,Ukraine,0
286,47,120978,592,26259,2,1,0,Poland,1
287,59,59666,319,94075,1,1,0,Ukraine,0
288,52,95683,581,82445,2,1,0,Ukraine,0
289,24,119097,300,25795,2,1,0,Ukraine,1
290,33,144714,418,3770,1,1,0,Poland,1
291,43,120420,334,6093,4,0,0,Germany,0
292,65,91315,497,41571,4,0,1,Poland,0
293,69,97834,784,-4807,3,1,0,Ukraine,0
294,66,146205,358,95311,2,0,0,Ukraine,1
295,19,34153,460,12569,3,1,0,Poland,0
296,18,129415,505,6190,3,1,0,Ukraine,0
297,65,96325,311,57824,1,1,1,Ukraine,1
298,29,129701,789,37752,1,1,1,Poland,0
299,22,32999,575,27327,1,0,0,Poland,0
300,54,75318,541,37070,2,1,1,Poland,0
301,49,20814,515,80925,1,0,1,Ukraine,0
302,26,135033,550,35197,1,1,1,Ukraine,0
303,58,96077,425,-2739,2,1,1,Germany,0
304,52,110474,516,88905,2,1,1,Germany,0
305,36,22443,605,21512,4,0,1,Poland,0
306,65,95993,484,1716,1,1,0,Germany,0
307,33,95916,338,81795,1,1,0,Ukraine,1
308,20,93319,522,23933,1,1,0,Germany,1
309,37,145885,483,-622,4,0,0,Ukraine,0
310,41,129777,794,35583,1,0,0,Poland,0
311,50,37368,726,80371,4,0,1,Poland,0
312,41,35328,477,24033,3,1,0,Ukraine,1
313,69,76942,727,19000,4,0,0,Germany,0
314,28,111751,593,70868,3,1,1,Poland,1
315,66,119131,450,37604,1,0,1,Poland,0
316,25,47306,683,63336,3,0,0,Germany,1
317,53,105451,607,90074,4,1,1,Germany,1
318,55,59915,635,90655,2,0,1,Ukraine,1
319,57,57219,674,68869,3,1,1,Germany,0
320,37,100879,307,410,3,1,1,Germany,0
321,52,131939,640,78375,1,0,0,Germany,0
322,65,84644,428,51044,4,1,1,Ukraine,0
323,42,80279,651,58315,3,1,0,Ukraine,0
324,52,73028,657,91055,3,0,0,Poland,0
325,42,124263,816,66344,3,0,1,Ukraine,0
326,46,20126,794,1796,3,1,1,Poland,0
327,35,72329,385,81716,2,0,1,Germany,0
328,63,47632,474,49245,4,1,0,Poland,0
329,35,127099,492,38056,1,1,1,Poland,1
330,19,85310,610,12709,1,0,1,Germany,0
331,52,129945,418,53557,2,0,1,Poland,0
332,33,75176,517,12543,4,0,1,Ukraine,0
333,58,139797,726,32418,3,0,1,Ukraine,1
334,53,106066,713,89611,2,1,0,Ukraine,0
335,50,125500,413,98291,4,1,1,Ukraine,0
336,21,146413,444,98001,3,0,1,Poland,0
337,50,64327,837,91038,2,0,1,Poland,0
338,31,88904,602,11724,4,1,0,Germany,0
339,38,23797,644,-1172,1,1,1,Poland,1
340,65,67882,300,12087,1,1,0,Poland,1
341,37,33718,446,7605,4,1,0,Poland,0
342,25,54560,586,26337,1,0,1,Germany,0
343,24,96589,352,482,4,1,1,Ukraine,0
344,20,42116,603,60333,3,1,1,Poland,0
345,34,56244,368,87541,4,0,0,Germany,0
346,50,121721,660,83296,3,1,0,Germany,0
347,65,21645,519,45952,2,1,0,Germany,1
348,29,67523,460,463,4,0,0,Ukraine,1
349,68,144085,388,65448,2,0,0,Poland,0
350,39,137718,458,-352,1,0,0,Germany,0
351,39,39256,788,28623,3,1,1,Ukraine,0
352,63,121376,623,54156,4,1,1,Germany,0
353,47,120158,680,30634,2,0,0,Germany,0
354,55,73173,401,39602,3,0,1,Germany,0
355,55,57430,793,44334,3,1,1,Germany,1
356,62,59282,318,63648,1,0,0,Germany,1
357,68,139719,753,17054,1,0,0,Ukraine,0
358,25,83374,781,65028,3,0,1,Poland,0
359,44,88244,696,17207,3,1,0,Poland,0
360,44,31694,578,75650,4,1,0,Poland,0
361,51,76264,664,94821,3,1,1,Poland,0
362,38,95060,630,76554,4,1,0,Ukraine,0
363,47,117416,643,16386,3,1,1,Ukraine,0
364,50,77545,754,78276,1,1,1,Ukraine,0
365,45,138195,364,54518,4,0,1,Germany,1
366,64,59224,375,47781,2,1,1,Germany,0
367,50,122516,442,47780,1,1,1,Germany,0
368,22,117945,772,56440,4,0,0,Poland,0
369,65,33224,716,39199,4,1,0,Germany,0
370,36,60738,604,56035,2,1,0,Poland,0
371,21,45150,796,3210,4,0,0,Germany,1
372,52,83731,590,39363,3,0,1,Poland,1
373,66,69688,401,73279,2,0,1,Germany,0
374,34,119929,566,55348,1,1,0,Germany,0
375,61,128618,302,50284,1,0,1,Ukraine,0
376,45,93509,384,67124,3,1,0,Germany,0
377,47,28577,627,63847,1,1,0,Germany,1
378,46,28070,749,17432,4,1,0,Ukraine,0
379,63,146161,753,59089,4,1,1,Poland,0
380,23,28666,520,50398,3,0,1,Ukraine,0
381,52,77761,453,94291,1,0,1,Ukraine,0
382,58,141178,311,-1679,1,1,1,Poland,1
383,54,56368,432,76348,3,0,0,Germany,0
384,41,26783,603,32383,2,1,1,Poland,1
385,46,131530,592,73682,1,1,1,Germany,0
386,66,61914,599,74190,2,1,1,Germany,1
387,63,90507,342,47893,1,0,0,Poland,0
388,48,147738,642,30820,1,1,0,Ukraine,0
389,52,99026,625,61262,1,1,1,Poland,1
390,50,135893,797,-1240,1,0,1,Germany,0
391,69,131255,663,17190,4,0,1,Poland,0
392,38,130616,726,62411,2,0,1,Poland,0
393,49,87526,320,18377,2,0,0,Germany,1
394,40,90835,706,41737,1,1,1,Ukraine,0
395,50,65765,635,64569,1,0,1,Poland,1
396,20,39956,416,33211,2,1,1,Germany,0
397,35,107895,423,77909,4,0,0,Germany,0
398,42,66240,698,-1256,3,0,0,Poland,1
399,59,141008,350,19995,3,0,1,Ukraine,0
400,48,57148,623,11977,2,0,1,Poland,1
401,20,114270,440,92938,1,0,1,Ukraine,1
402,57,147978,769,29542,1,0,1,Ukraine,0
403,63,24757,633,5651,4,1,1,Ukraine,0
404,41,39097,672,94239,3,0,0,Ukraine,0
405,67,30395,793,73931,4,0,0,Poland,1
406,49,36241,838,90344,3,0,0,Germany,1
407,64,123892,455,97112,2,0,1,Germany,0
408,39,47696,590,11715,3,1,0,Germany,0
409,40,135654,443,39409,4,0,0,Germany,0
410,19,90480,405,19306,4,0,0,Germany,1
411,44,66163,719,14086,4,0,1,Germany,0
412,59,39816,301,9376,2,0,1,Poland,0
413,19,69840,389,56350,3,1,0,Ukraine,0
414,43,122547,644,66425,3,0,1,Germany,1
415,34,72853,649,98358,4,1,0,Poland,0
416,57,44917,758,31636,3,0,0,Germany,0
417,50,116731,562,81120,1,1,0,Germany,0
418,26,41566,650,46649,1,1,0,Ukraine,0
419,60,95452,407,29610,1,0,1,Ukraine,1
420,65,82823,338,5058,3,0,1,Ukraine,1
421,56,141392,458,69637,2,1,1,Germany,0
422,46,40806,611,73033,2,1,1,Germany,0
423,59,95520,540,65194,2,0,0,Germany,0
424,43,21759,744,71917,2,1,1,Ukraine,0
425,52,146092,597,59200,1,1,0,Poland,1
426,67,61949,335,41619,1,1,1,Germany,0
427,42,112374,383,12154,4,0,1,Germany,0
428,41,22482,751,14539,3,1,1,Germany,0
429,30,44442,684,55058,3,1,0,Poland,0
430,24,53719,471,57068,2,1,0,Germany,0
431,53,78066,675,72313,1,0,0,Poland,0
432,62,113501,661,94932,2,0,0,Germany,0
433,37,22079,440,25373,4,1,1,Poland,1
434,18,22717,417,28154,3,0,0,Germany,0
435,25,79676,576,1031,3,1,0,Ukraine,0
436,63,47952,519,88533,2,0,1,Ukraine,1
437,33,106444,325,66975,4,0,1,Ukraine,0
438,31,62460,820,17785,3,1,0,Ukraine,1
439,29,110397,309,73928,4,0,1,Germany,0
440,68,92847,677,23669,4,0,0,Ukraine,0
441,40,113607,451,89475,2,0,1,Poland,0
442,32,109106,348,-2718,1,1,0,Ukraine,0
443,45,38449,453,29624,2,0,0,Ukraine,0
444,51,53536,592,43438,1,0,0,Ukraine,1
445,19,84077,349,84900,4,1,0,Germany,0
446,49,58258,830,62534,1,0,0,Ukraine,0
447,40,68302,359,26705,4,0,1,Poland,0
448,39,145937,466,33244,3,0,0,Ukraine,0
449,68,48865,501,69964,3,0,0,Ukraine,0
450,42,26645,445,32437,3,0,0,Ukraine,0
451,39,139771,738,72872,2,1,0,Poland,1
452,39,58000,541,69878,2,1,0,Ukraine,1
453,66,46737,782,67982,4,0,1,Poland,0
454,69,31485,407,45583,3,0,1,Poland,0
455,59,58565,525,33392,2,0,0,Ukraine,1
456,23,45522,731,2461,3,1,1,Poland,1
457,32,139614,718,95123,2,1,0,Germany,0
458,60,85155,754,5516,1,0,1,Ukraine,1
459,54,75168,459,74285,1,0,1,Ukraine,0
460,50,72487,822,12514,3,1,0,Poland,1
461,25,149948,376,95962,4,0,1,Poland,0
462,61,32342,808,31268,2,1,1,Ukraine,0
463,61,60806,740,85486,2,1,0,Germany,1
464,22,68770,553,95424,1,0,0,Poland,0
465,56,98623,619,31788,1,1,1,Poland,0
466,21,123177,562,70749,4,0,1,Germany,0
467,23,119785,673,56049,4,0,1,Germany,1
468,62,95629,466,57493,4,0,0,Ukraine,1
469,49,140993,758,31027,3,0,1,Germany,1
470,69,72603,579,88547,1,0,1,Ukraine,0
471,47,146944,601,37849,3,0,1,Germany,1
472,64,132726,830,95127,1,1,0,Poland,0
473,52,101974,517,12858,1,1,0,Ukraine,0
474,57,125947,401,79162,2,1,0,Ukraine,1
475,69,46399,587,74003,1,1,0,Ukraine,0
476,33,148177,466,47395,1,0,1,Germany,0
477,30,105382,335,34758,3,1,0,Poland,0
478,67,101244,652,49312,1,1,1,Ukraine,0
479,59,129575,372,63670,3,1,1,Ukraine,1
480,47,135520,652,77279,4,0,1,Ukraine,0
481,36,130904,369,10434,1,1,1,Ukraine,1
482,34,96534,724,59047,1,0,0,Poland,0
483,36,75106,816,42775,3,1,0,Germany,0
484,45,132599,727,70769,4,0,0,Poland,0
485,43,50678,838,61677,2,0,0,Ukraine,1
486,54,96218,459,78555,4,1,0,Poland,0
487,43,83230,448,80920,3,0,1,Ukraine,1
488,40,134684,529,40734,4,0,0,Germany,0
489,26,94055,366,96665,3,1,0,Germany,0
490,29,76373,680,83503,3,1,0,Germany,0
491,18,51480,357,35603,2,1,0,Ukraine,1
492,18,105230,558,71708,1,0,1,Poland,1
493,64,88836,641,76926,3,0,1,Germany,0
494,51,92258,429,63803,3,0,1,Ukraine,0
495,49,59986,471,34332,2,1,1,Ukraine,0
496,65,44160,508,86703,3,0,1,Poland,1
497,42,105595,653,16312,1,0,0,Germany,0
498,57,121358,770,88376,2,0,1,Ukraine,1
499,62,99111,415,79526,1,0,1,Poland,1
500,18,84929,563,39179,1,0,1,Germany,0
501,33,93506,741,66442,2,0,0,Poland,1
502,56,54911,847,35379,3,0,0,Poland,0
503,22,107127,752,12297,1,1,1,Ukraine,0
504,39,51821,776,-2989,1,1,0,Ukraine,0
505,46,95039,586,39014,1,1,0,Ukraine,0
506,20,80535,602,6738,1,0,1,Poland,1
507,29,133453,610,89333,2,0,0,Ukraine,0
508,43,104458,507,42498,2,1,0,Poland,0
509,33,32175,745,6120,4,0,0,Poland,0
510,68,139235,354,3767,4,1,1,Ukraine,0
511,54,74771,311,17852,1,0,1,Germany,0
512,39,126660,699,74239,3,0,1,Germany,0
513,46,147157,814,-4071,1,1,0,Germany,0
514,31,141300,841,72487,3,1,1,Poland,1
515,45,106925,536,86575,1,1,0,Poland,1
516,22,133374,578,90040,4,1,0,Poland,0
517,64,86358,647,12438,4,1,0,Ukraine,1
518,66,37327,403,43515,3,0,1,Poland,0
519,47,67057,816,744,1,0,1,Ukraine,0
520,63,26150,547,78820,3,0,1,Ukraine,0
521,69,24425,663,37417,4,1,1,Germany,0
522,22,143654,620,2069,1,1,0,Germany,0
523,29,36032,585,37359,1,1,1,Germany,1
524,33,22198,448,14799,3,1,0,Ukraine,0
525,43,80500,383,93746,2,1,1,Ukraine,1
526,43,73394,705,88762,3,1,1,Ukraine,0
527,65,40079,755,65188,4,0,1,Poland,1
528,38,56220,460,84859,4,0,0,Ukraine,0
529,56,61874,759,2597,4,0,0,Germany,0
530,53,33859,849,42093,4,0,0,Germany,0
531,50,70460,799,32226,4,0,0,Ukraine,0
532,47,51419,808,67127,2,1,0,Ukraine,0
533,54,138865,780,86369,1,1,1,Germany,1
534,40,28705,413,72362,3,1,0,Ukraine,0
535,27,62880,660,21417,3,1,0,Germany,1
536,22,149838,640,13693,4,1,0,Poland,0
537,53,43236,748,74674,3,1,0,Germany,1
538,51,107955,479,48161,4,0,1,Poland,0
539,69,105514,706,-2831,2,1,0,Ukraine,0
540,48,123145,495,79092,2,1,1,Ukraine,1
541,27,35358,765,17052,1,1,1,Poland,0
542,36,119713,610,66849,2,1,1,Ukraine,0
543,49,114914,561,68851,2,0,0,Poland,0
544,18,122870,718,3036,1,0,1,Ukraine,0
545,22,96918,705,26778,3,1,0,Germany,0
546,62,139179,442,22734,4,0,0,Ukraine,1
547,21,136243,641,18173,4,0,0,Germany,0
548,33,34596,615,25403,3,1,0,Germany,0
549,41,53572,400,61321,1,1,0,Poland,0
550,33,98757,543,66675,3,1,1,Ukraine,0
551,19,21279,789,1344,2,1,1,Poland,0
552,66,83197,311,13800,1,1,0,Ukraine,1
553,45,131496,538,20372,1,0,1,Germany,0
554,49,82516,341,56516,1,1,0,Germany,1
555,44,27083,728,15538,4,1,1,Ukraine,0
556,37,140674,457,58918,3,1,1,Ukraine,0
557,41,140307,515,9973,1,0,1,Poland,0
558,29,146457,761,66155,1,1,1,Ukraine,0
559,67,129397,433,95240,1,1,1,Ukraine,0
560,52,37771,366,54500,3,1,0,Ukraine,0
561,50,49975,306,31575,4,0,0,Poland,1
562,50,65648,825,37261,2,1,1,Ukraine,0
563,68,145641,372,22716,4,1,0,Germany,1
564,60,68285,698,-1764,1,1,1,Poland,0
565,54,39063,704,10848,4,0,0,Poland,1
566,29,87642,429,-2648,4,1,1,Germany,1
567,20,110093,765,-3068,2,1,1,Germany,0
568,18,134390,505,71449,3,1,1,Germany,1
569,50,106143,565,3556,3,0,0,Ukraine,0
570,57,57599,836,81836,4,1,0,Germany,1
571,27,71920,552,498,4,1,1,Ukraine,0
572,60,48529,588,71118,3,1,1,Poland,0
573,61,55954,463,45098,3,0,0,Poland,1
574,46,47856,394,59386,2,0,0,Germany,0
575,30,22573,409,4569,1,1,0,Ukraine,0
576,29,98344,635,51882,4,0,0,Germany,1
577,48,55367,537,65393,3,0,0,Germany,0
578,63,122337,680,-4660,4,0,1,Ukraine,0
579,19,126732,735,38949,4,1,0,Germany,0
580,68,119608,782,77302,3,1,1,Poland,0
581,67,80774,324,57443,2,0,1,Germany,1
582,52,43752,416,86668,4,0,0,Ukraine,0
583,40,75029,781,69027,2,0,0,Ukraine,0
584,34,37685,691,-4862,3,1,1,Poland,0
585,43,71693,836,-4642,1,1,0,Ukraine,1
586,25,136739,378,70250,1,0,1,Ukraine,0
587,46,75961,472,80376,4,0,0,Poland,0
588,43,126937,311,94931,3,0,0,Germany,1
589,27,144956,427,25654,2,0,0,Poland,0
590,43,96908,391,20879,4,1,1,Germany,0
591,51,145537,842,76532,3,0,0,Poland,0
592,68,146678,831,50778,3,1,1,Germany,0
593,58,94532,746,32772,2,0,0,Poland,0
594,24,101994,689,53478,4,0,1,Germany,0
595,21,76133,342,59353,3,0,0,Poland,1
596,67,117425,553,21762,3,0,1,Germany,0
597,62,145055,429,8283,3,0,1,Poland,1
598,28,81268,359,58922,2,1,1,Ukraine,0
599,46,112201,766,34420,4,0,1,Germany,1
600,53,58243,586,50568,4,0,1,Poland,1
601,42,77384,816,80090,4,0,1,Germany,0
602,38,51653,766,15219,4,1,0,Germany,0
603,53,46657,644,52169,1,1,1,Poland,0
604,27,59952,681,95455,1,1,1,Germany,1
605,54,42180,552,69965,4,1,1,Poland,1
606,26,117432,355,41840,2,0,0,Ukraine,0
607,41,141829,762,39695,1,0,0,Germany,0
608,52,148377,756,79754,3,0,0,Ukraine,0
609,66,98411,382,72988,1,1,1,Germany,1
610,52,21622,398,53342,3,0,0,Germany,0
611,65,68756,448,13951,4,0,0,Germany,0
612,53,60809,628,-3693,1,1,1,Poland,0
613,35,36725,455,75388,2,1,1,Ukraine,0
614,66,81396,489,85768,1,1,0,Germany,1
615,56,71226,793,30428,1,0,1,Poland,0
616,49,126296,562,87021,1,0,1,Germany,0
617,41,101182,379,70774,4,1,1,Poland,0
618,40,102565,699,33975,2,0,1,Germany,0
619,49,49402,559,-3860,1,1,0,Ukraine,0
620,54,24263,400,19842,2,1,1,Ukraine,1
621,29,143489,658,21421,4,0,0,Germany,1
622,66,116523,679,-3292,3,1,0,Poland,0
623,30,66828,520,-1370,1,1,0,Germany,0
624,40,140824,719,14595,2,1,0,Poland,1
625,42,67924,423,71021,2,0,1,Germany,0
626,52,94182,721,23308,4,1,1,Poland,0
627,58,113065,530,39789,1,1,1,Ukraine,1
628,47,79052,362,50690,3,1,0,Germany,1
629,34,31664,784,21086,2,1,0,Ukraine,1
630,66,55737,782,11859,1,1,0,Ukraine,1
631,37,121332,818,2684,3,1,1,Germany,1
632,65,109563,454,86088,2,1,0,Germany,0
633,42,49373,391,-3793,2,0,1,Poland,0
634,39,137369,825,41099,3,0,1,Poland,0
635,30,56397,754,62496,3,1,1,Ukraine,0
636,36,148575,809,61093,4,0,1,Poland,0
637,66,106145,482,24689,1,0,0,Poland,0
638,53,121371,685,43651,1,1,1,Germany,0
639,29,58709,704,8893,4,0,0,Poland,0
640,58,136074,545,92808,2,1,1,Ukraine,0
641,36,81120,770,61418,3,1,0,Poland,0
642,29,39250,722,98065,3,1,0,Ukraine,0
643,26,41172,364,55011,3,1,1,Germany,1
644,24,31555,312,33635,2,1,1,Ukraine,0
645,45,107410,512,51115,3,0,1,Poland,0
646,31,98617,541,90071,3,1,0,Germany,1
647,48,73276,792,73405,4,0,1,Poland,0
648,69,77492,512,67702,2,1,1,Germany,0
649,36,73002,637,73518,1,1,0,Germany,0
650,64,140103,472,98651,4,1,1,Poland,0
651,33,144938,463,67805,4,0,0,Poland,1
652,22,109599,764,53954,1,1,1,Germany,0
653,52,92355,796,23064,4,1,0,Germany,0
654,29,111248,694,74063,2,1,0,Poland,0
655,42,44762,607,-2546,3,1,1,Ukraine,0
656,69,31046,482,15878,2,0,0,Poland,0
657,38,116999,809,46098,1,1,1,Germany,0
658,53,144130,845,57154,1,0,1,Poland,0
659,40,136021,526,7991,4,1,0,Ukraine,0
660,33,48769,735,63344,2,0,1,Poland,0
661,56,73302,721,99946,2,0,0,Germany,0
662,62,43150,320,31593,1,1,0,Poland,0
663,59,88247,696,31304,2,1,0,Germany,1
664,56,24853,404,25386,1,0,0,Germany,0
665,31,114613,491,50220,2,1,0,Poland,0
666,48,140900,316,64338,2,1,0,Germany,0
667,22,109399,419,89289,2,1,0,Germany,0
668,52,41792,692,16083,1,0,0,Ukraine,1
669,40,79129,724,13354,4,1,1,Ukraine,0
670,46,126019,428,17190,2,1,1,Ukraine,1
671,60,94478,429,1142,1,1,0,Ukraine,0
672,28,133811,328,23398,1,0,1,Germany,1
673,35,134130,396,46971,2,1,1,Poland,0
674,64,87298,309,36862,2,0,1,Germany,1
675,29,51987,541,93668,4,1,1,Germany,0
676,26,35850,531,48410,1,0,1,Germany,0
677,27,32112,583,14503,1,1,1,Poland,0
678,61,141789,499,43456,3,1,0,Ukraine,0
679,34,44058,378,95167,1,0,1,Germany,1
680,55,65420,472,77035,4,0,1,Germany,0
681,24,58890,766,3016,3,0,1,Ukraine,0
682,63,86017,715,-2616,3,1,1,Germany,0
683,30,67304,748,57320,3,1,0,Poland,0
684,57,52921,386,10072,2,1,0,Germany,0
685,59,125921,400,97239,2,1,0,Germany,0
686,26,21524,307,75018,1,0,0,Ukraine,0
687,67,120424,499,35510,3,1,1,Germany,1
688,44,35048,804,43933,4,1,0,Germany,0
689,19,55111,386,16826,2,1,0,Poland,0
690,22,57904,342,63026,4,1,0,Ukraine,1
691,46,74912,684,20518,4,1,0,Ukraine,0
692,54,54008,734,19045,2,1,1,Poland,0
693,55,20060,707,45876,2,1,0,Germany,0
694,36,94666,782,87446,2,0,1,Ukraine,0
695,25,103559,316,85102,2,1,0,Ukraine,0
696,65,75337,447,46919,3,1,1,Germany,1
697,62,130616,576,94441,3,1,1,Germany,0
698,18,33350,531,22103,3,1,0,Ukraine,0
699,39,44354,665,31188,3,0,0,Germany,1
700,69,65186,527,845,1,0,0,Ukraine,1
701,34,48145,735,81698,3,0,0,Germany,0
702,24,54020,698,31674,2,0,1,Germany,0
703,42,106123,510,14337,4,0,1,Poland,0
704,62,126667,690,17313,3,0,0,Germany,1
705,21,95186,798,21943,1,1,0,Poland,1
706,53,105469,839,72949,2,0,1,Germany,0
707,23,40581,790,-4724,4,0,0,Ukraine,0
708,48,108929,741,46151,4,1,1,Ukraine,0
709,36,43051,560,12611,3,0,0,Germany,1
710,61,71474,649,99641,4,1,1,Germany,0
711,56,111748,651,6944,3,1,1,Ukraine,0
712,44,145995,819,47887,3,0,1,Germany,1
713,27,134618,619,76442,2,1,1,Poland,0
714,43,89626,437,44847,2,0,1,Poland,0
715,36,26960,849,53653,1,0,0,Poland,0
716,56,55772,667,81072,2,1,1,Poland,0
717,20,41520,519,51622,2,1,0,Poland,0
718,62,69481,636,22810,3,0,1,Germany,0
719,30,56408,522,72842,2,1,1,Germany,0
720,67,114006,659,5503,3,1,0,Poland,1
721,45,148496,628,79761,3,0,0,Germany,0
722,37,77134,762,31976,2,0,0,Germany,0
723,45,40491,681,6590,1,1,0,Poland,0
724,25,21341,468,5886,1,0,1,Germany,1
725,58,64623,516,7866,4,0,0,Germany,1
726,56,110327,677,61624,4,0,1,Germany,0
727,18,20338,418,63899,2,0,0,Poland,0
728,20,91431,489,27792,1,0,0,Germany,0
729,30,32254,669,4764,3,0,1,Ukraine,0
730,45,71860,448,81156,4,0,1,Ukraine,0
731,66,31344,787,37727,3,1,0,Poland,1
732,42,21750,673,73471,4,0,1,Ukraine,1
733,50,74756,459,3068,2,1,1,Poland,0
734,55,87957,650,2295,1,1,1,Ukraine,1
735,23,125423,587,36160,4,1,1,Ukraine,1
736,61,78053,587,6390,1,0,1,Ukraine,0
737,62,90855,525,15131,3,0,1,Poland,0
738,49,35896,822,89754,2,1,1,Poland,1
739,62,75761,821,70969,1,0,1,Germany,0
740,64,82552,572,10038,2,1,0,Poland,1
741,38,140075,701,47327,1,0,1,Ukraine,1
742,33,97454,482,88718,3,0,0,Ukraine,0
743,38,146522,787,72064,3,1,1,Poland,1
744,28,138681,423,16281,2,1,1,Poland,1
745,54,110600,713,49189,3,1,1,Poland,0
746,53,142732,471,43511,4,0,1,Germany,0
747,52,132153,587,3605,1,1,0,Ukraine,0
748,36,142926,734,95318,3,0,0,Germany,0
749,37,47935,412,-3619,4,0,1,Germany,0
750,35,57641,421,61634,2,0,0,Ukraine,0
751,64,49711,843,14810,4,1,1,Ukraine,0
752,58,90342,521,19322,2,1,1,Poland,0
753,66,126896,338,36869,2,1,0,Poland,1
754,31,32182,796,27955,1,0,0,Germany,1
755,32,107833,532,56388,1,0,1,Poland,1
756,48,76276,829,5207,4,1,1,Poland,0
757,18,39541,448,82329,1,0,0,Ukraine,1
758,20,114457,696,62628,1,0,1,Ukraine,1
759,33,102310,601,23220,1,1,0,Poland,0
760,40,64813,659,79050,4,1,1,Ukraine,0
761,28,57198,537,98546,3,1,1,Poland,0
762,29,28820,535,69085,1,0,0,Ukraine,1
763,27,44070,502,17031,1,0,0,Ukraine,0
764,49,89768,555,65721,4,0,0,Ukraine,0
765,33,31122,534,75807,3,0,1,Ukraine,0
766,25,100559,644,66312,1,0,1,Poland,0
767,55,93543,833,54766,2,1,1,Germany,0
768,29,103441,765,7449,4,0,1,Ukraine,0
769,41,61786,840,84833,1,0,0,Poland,0
770,45,114934,512,51699,1,0,1,Poland,1
771,25,119804,762,76253,2,1,1,Ukraine,0
772,45,26737,735,99769,2,1,1,Germany,0
773,53,56062,582,41092,4,1,0,Ukraine,0
774,43,74237,762,58671,4,0,1,Poland,0
775,25,71571,706,5350,2,1,1,Germany,0
776,67,45510,387,91158,4,1,0,Poland,0
777,45,39426,343,95859,2,1,1,Ukraine,1
778,45,57265,760,63487,1,0,1,Germany,1
779,54,37850,577,12622,2,1,0,Poland,1
780,58,138249,720,65263,2,0,1,Poland,0
781,53,86150,652,48117,3,0,1,Poland,0
782,44,107312,814,98990,2,1,1,Ukraine,1
783,34,109613,318,53394,2,0,0,Germany,0
784,26,94910,322,97005,3,1,1,Ukraine,0
785,50,72375,712,96084,4,0,1,Ukraine,0
786,37,141826,329,18782,3,1,0,Ukraine,0
787,30,55435,407,23454,1,1,0,Germany,0
788,45,116443,666,62904,3,1,1,Ukraine,1
789,65,77132,580,10592,1,0,1,Ukraine,0
790,46,98945,427,17173,4,1,1,Ukraine,0
791,30,102050,528,28204,3,0,1,Ukraine,1
792,63,149828,410,30596,3,1,0,Poland,1
793,52,115402,435,29324,4,0,1,Ukraine,0
794,23,22983,661,56202,1,0,0,Poland,0
795,35,117241,485,84400,3,1,0,Ukraine,1
796,68,40662,428,25750,1,1,1,Germany,1
797,22,43510,560,71112,3,1,1,Poland,0
798,64,98187,814,11566,2,1,0,Poland,1
799,42,60998,748,2190,3,1,0,Poland,0
800,19,76846,403,83607,4,0,1,Poland,0
801,27,114071,782,33333,4,1,0,Germany,0
802,47,26640,523,75905,1,1,1,Ukraine,0
803,67,64547,790,84571,3,0,1,Poland,1
804,62,74620,772,-3411,1,1,0,Germany,0
805,22,35317,309,20235,1,1,0,Poland,0
806,50,135608,704,-4841,2,0,1,Ukraine,0
807,18,27564,601,7145,2,1,0,Poland,0
808,35,47345,530,75909,4,1,1,Germany,0
809,49,133824,365,26921,1,1,1,Ukraine,0
810,64,114223,411,99859,4,0,1,Germany,0
811,66,143372,312,11237,3,1,0,Ukraine,1
812,28,99273,692,3244,1,0,1,Ukraine,0
813,38,94859,799,9743,1,1,1,Ukraine,0
814,43,100765,533,92102,3,0,1,Poland,1
815,42,130017,613,41101,3,1,1,Germany,0
816,39,94038,311,79227,4,0,1,Germany,0
817,44,143618,508,94532,4,0,1,Germany,1
818,66,72393,313,51378,3,0,1,Ukraine,0
819,30,86081,717,66126,4,0,1,Poland,0
820,50,145341,736,51071,3,0,1,Ukraine,0
821,51,122650,676,66121,1,0,1,Germany,0
822,58,49430,319,69763,1,1,1,Poland,1
823,52,95532,369,88814,2,1,0,Poland,0
824,18,47788,510,99350,1,0,1,Poland,1
825,38,115505,400,7237,3,0,1,Germany,1
826,65,68543,431,10649,4,0,1,Poland,0
827,23,33919,680,32713,2,0,0,Poland,0
828,45,89346,431,68463,4,1,1,Ukraine,0
829,34,116122,319,40409,3,0,0,Ukraine,0
830,22,59974,835,43766,1,1,1,Poland,0
831,48,127309,526,41154,2,1,1,Poland,1
832,22,36371,453,2016,3,0,0,Ukraine,1
833,55,65084,768,74563,2,0,1,Ukraine,0
834,20,49629,704,43688,2,1,0,Ukraine,0
835,40,71184,501,84678,1,1,0,Germany,1
836,54,81916,337,49238,3,0,1,Germany,0
837,54,147293,487,53608,4,0,1,Ukraine,1
838,27,93972,356,84081,2,0,1,Poland,0
839,27,82187,319,26897,2,1,1,Ukraine,0
840,36,32984,572,45961,4,1,0,Germany,1
841,34,53039,418,63703,3,0,0,Poland,0
842,38,105431,815,39757,2,1,1,Germany,1
843,31,103691,520,21917,2,1,0,Poland,1
844,26,78606,825,17736,2,0,0,Germany,0
845,63,30616,814,22990,3,0,1,Poland,0
846,18,122665,635,57551,3,1,0,Poland,1
847,68,125373,354,53161,4,1,0,Poland,1
848,62,70072,799,74623,3,0,1,Poland,0
849,30,44574,835,17440,3,0,0,Germany,1
850,21,23430,461,30205,1,0,1,Germany,0
851,18,139123,458,75811,4,0,0,Poland,0
852,66,32676,487,50103,2,0,1,Poland,1
853,57,30816,359,65812,3,1,0,Germany,0
854,49,52733,618,36627,2,1,0,Poland,1
855,51,105680,510,98032,2,1,1,Poland,0
856,45,22050,705,14008,1,1,1,Poland,0
857,48,129996,408,66274,3,0,1,Ukraine,0
858,25,53933,375,27402,4,0,1,Poland,0
859,56,44951,841,48384,3,0,0,Ukraine,0
860,43,52413,613,793,2,1,0,Poland,0
861,51,54801,416,97827,4,1,0,Germany,0
862,20,75619,318,571,3,1,1,Ukraine,0
863,67,52913,731,91867,2,0,0,Ukraine,0
864,29,132573,649,11209,2,1,0,Poland,1
865,18,139076,482,85930,1,0,1,Poland,0
866,61,60600,412,38148,1,0,1,Ukraine,0
867,22,77775,482,86218,1,0,0,Germany,0
868,47,110816,780,-2776,2,0,1,Germany,0
869,47,149972,445,43695,3,0,0,Poland,0
870,34,110093,412,27441,1,0,0,Germany,0
871,65,132590,775,34129,3,1,1,Germany,0
872,64,55400,602,95252,1,0,0,Poland,1
873,40,24494,417,57368,4,0,1,Germany,1
874,32,100688,460,87122,4,1,1,Poland,0
875,54,142744,700,39760,1,0,0,Ukraine,0
876,38,109431,497,18478,2,1,0,Poland,0
877,31,94691,559,66854,1,1,0,Ukraine,0
878,19,117419,346,89230,1,1,1,Ukraine,0
879,28,128730,698,80716,2,0,0,Germany,0
880,68,63001,377,7180,4,0,1,Germany,0
881,56,87364,423,93538,3,1,1,Germany,0
882,55,144988,374,10372,1,0,0,Poland,0
883,51,65028,436,24796,2,0,1,Germany,0
884,55,127434,699,53272,1,1,0,Ukraine,0
885,67,117659,804,84963,2,1,0,Germany,0
886,51,57573,799,93826,3,0,0,Germany,0
887,35,20806,437,88635,3,1,0,Poland,0
888,47,144343,349,49040,4,1,0,Poland,0
889,32,76638,553,70357,2,1,0,Ukraine,0
890,44,148301,725,66368,2,0,0,Poland,0
891,68,146295,846,73356,4,0,1,Germany,0
892,51,126506,601,11211,4,0,0,Poland,0
893,69,49757,648,842,2,1,1,Ukraine,0
894,55,54636,348,58115,4,0,1,Germany,0
895,50,100097,373,61852,3,1,1,Ukraine,0
896,41,68280,560,40968,1,0,0,Poland,0
897,32,44262,655,12508,3,0,1,Poland,1
898,47,100435,559,17005,4,1,1,Ukraine,0
899,59,82211,594,49575,2,0,0,Germany,0
900,68,74842,612,75742,2,1,0,Poland,1
901,34,148583,481,13971,3,0,1,Poland,1
902,22,76979,663,20599,2,0,0,Germany,0
903,46,134524,487,82592,4,1,0,Poland,0
904,21,101470,842,61914,3,1,0,Ukraine,0
905,27,58197,847,62055,2,1,0,Poland,0
906,34,61844,707,82697,1,0,1,Poland,0
907,27,84754,713,99397,1,0,0,Germany,0
908,34,121868,641,355,4,0,0,Ukraine,0
909,37,54157,519,49120,2,1,0,Germany,1
910,41,97129,462,69619,4,1,1,Poland,1
911,22,60042,519,33342,3,1,1,Poland,0
912,51,81665,569,80992,1,0,0,Germany,0
913,23,135512,699,73860,3,0,0,Germany,0
914,19,136953,481,-2743,2,1,1,Germany,1
915,30,102856,504,22364,4,0,0,Ukraine,0
916,60,47376,527,19972,4,1,0,Poland,0
917,60,129049,549,21654,4,0,1,Germany,0
918,65,75554,740,75769,3,0,0,Poland,0
919,28,34199,832,76423,1,1,0,Ukraine,0
920,68,138533,495,24320,3,0,1,Ukraine,1
921,64,101412,818,15808,3,0,1,Ukraine,0
922,40,70948,369,47389,2,1,0,Ukraine,0
923,33,93781,698,90690,2,1,1,Poland,0
924,48,92750,502,29773,2,0,0,Ukraine,0
925,28,86262,447,46168,1,1,0,Ukraine,1
926,33,137424,771,22747,1,0,0,Germany,1
927,25,66600,498,71396,2,1,1,Ukraine,1
928,21,96898,725,78692,2,0,1,Germany,1
929,57,82483,791,52505,1,0,0,Ukraine,0
930,21,38297,441,80896,4,1,0,Ukraine,0
931,42,50448,612,13135,1,0,1,Germany,0
932,20,46172,464,85887,1,0,1,Ukraine,1
933,49,62874,613,91035,1,1,1,Poland,0
934,20,27657,320,42377,2,1,0,Poland,0
935,44,104386,381,18554,4,0,1,Ukraine,1
936,46,145617,430,57491,1,1,1,Poland,0
937,49,45425,604,50621,2,1,0,Germany,0
938,67,46685,670,53283,3,0,0,Ukraine,0
939,68,142000,683,80140,3,0,0,Ukraine,0
940,36,132855,744,11923,1,1,1,Germany,0
941,38,44578,724,42591,3,1,0,Germany,1
942,22,48831,460,57261,4,1,0,Germany,0
943,35,27906,477,49336,3,0,0,Ukraine,1
944,45,81413,789,69083,3,0,0,Germany,0
945,59,74028,626,55948,4,0,1,Germany,0
946,39,27287,588,28002,1,0,0,Poland,1
947,38,53660,653,75098,1,0,1,Poland,0
948,23,95758,327,68016,4,0,1,Ukraine,0
949,18,80504,342,21672,4,0,1,Poland,1
950,22,79720,722,-787,4,1,0,Poland,0
951,58,122979,476,5293,3,1,1,Germany,0
952,29,54701,828,94977,4,0,0,Germany,0
953,43,103300,793,50860,2,0,0,Poland,0
954,63,130177,497,57507,3,0,0,Poland,0
955,51,37674,816,52134,1,1,1,Poland,0
956,66,103560,813,-2900,1,0,0,Ukraine,1
957,31,131543,321,56997,1,1,0,Ukraine,1
958,43,43874,411,23172,3,1,0,Ukraine,0
959,62,63642,356,15132,2,1,1,Poland,0
960,44,143867,365,13199,4,1,1,Poland,0
961,26,117820,397,31609,4,1,1,Ukraine,0
962,43,85160,443,37965,1,0,0,Ukraine,0
963,64,37602,734,3016,1,0,1,Poland,1
964,39,123320,385,34779,3,1,0,Germany,1
965,64,108801,643,97797,2,0,0,Ukraine,0
966,47,45931,593,26881,4,1,1,Poland,0
967,60,114377,542,77594,3,1,0,Poland,0
968,65,49192,331,19472,4,0,1,Germany,0
969,34,66542,690,95462,1,0,0,Poland,0
970,43,147015,576,46813,4,0,1,Poland,1
971,53,62520,831,95368,2,0,0,Ukraine,0
972,18,84772,453,31021,2,0,0,Ukraine,1
973,25,78762,682,49131,1,1,0,Germany,0
974,66,70106,367,19087,2,0,0,Germany,0
975,52,101121,513,7828,2,0,0,Poland,0
976,69,45559,675,56610,3,0,1,Ukraine,0
977,32,125595,512,91664,4,1,0,Germany,0
978,64,53742,378,-3599,1,0,1,Germany,0
979,39,89669,680,80179,1,1,1,Germany,1
980,31,100199,357,10193,1,0,1,Poland,0
981,43,41754,325,87389,1,0,0,Ukraine,0
982,45,23972,746,39864,1,1,0,Germany,1
983,40,90831,365,15307,2,0,0,Ukraine,1
984,31,132217,553,97518,3,0,1,Germany,1
985,41,61873,343,14611,1,1,0,Germany,0
986,19,114661,396,38791,3,0,0,Ukraine,1
987,62,126532,526,6950,3,1,1,Ukraine,0
988,43,146267,735,71240,2,1,1,Ukraine,0
989,31,29903,678,72403,1,1,1,Poland,0
990,68,23020,477,-2255,2,1,1,Germany,0
991,24,61755,726,50243,1,1,1,Poland,0
992,20,105956,606,-1134,2,0,1,Ukraine,0
993,64,106988,803,27245,3,0,0,Germany,0
994,40,65648,567,39724,1,0,1,Poland,0
995,63,123537,307,66354,4,1,0,Germany,0
996,60,145991,807,46374,3,1,0,Poland,1
997,64,29516,775,25116,4,1,0,Ukraine,1
998,62,132863,596,76029,3,1,1,Poland,0
999,35,135005,463,88574,2,0,0,Germany,1
1000,55,22396,784,15447,1,0,1,Germany,0
